title,description,content
Epic 'Killers of the Flower Moon' flops at the box office,"Despite its potentially promising box office takings in its first week in theaters, Apple TV+ movie ""Killers of the Flower Moon"" dropped 61% in its second weekend.Lily Gladstone and Leonardo DiCaprio in 'Killers of the Flower Moon'""Killers"" by director/co-wri…","Lily Gladstone and Leonardo DiCaprio in 'Killers of the Flower Moon'
Despite its potentially promising box office takings in its first week in theaters, Apple TV+ movie ""Killers of the Flower Moon"" … [+1619 chars]"
"'No religion, smoking, doing drugs' on Apple TV+ — here's why and what's coming next to the tech giant's streamer","Apple TV+ is growing its slate of shows and movies. The streamer wants ""commercial fare"" and more reality TV series, according to leaked Hollywood agency documents.","Apple won't do ""bloody horror"" but would ""love"" its own version of John Krasinski's Paramount sci-fi horror hit, ""A Quiet Place.""Paramount
<ul><li>Apple TV+ is buying new shows and movies, even as H… [+4583 chars]"
Marvel Director Disses Martin Scorsese With Video Flaunting Own Box Office Success,"Joe Russo, who co-directed the two highest-grossing ""Avengers"" films, took to Instagram to trounce Scorsese over his past comments about Marvel.","The battle between Marvel and Martin Scorsese fans has reached a fever pitch.
The Killers of the Flower Moon director famously said in 2019 that superhero movies are not cinema. After being slammed … [+4375 chars]"
"Apple announces new movie ‘The Family Plan’ starring Mark Wahlberg, streaming in time for Christmas","Apple TV+ today announced a new original movie The Family Plan, starring Mark Wahlberg. The film is set to stream globally on Apple’s streaming service from December 15, perfectly in time for the holiday period. 



The action-comedy feature sees Wahlberg pla…","Apple TV+ today announced a new original movie The Family Plan, starring Mark Wahlberg. The film is set to stream globally on Apple’s streaming service from December 15, perfectly in time for the hol… [+1424 chars]"
Timothée Chalamet Leads Martin Scorsese’s 60-Second Chanel Ad – Watch,Havana Liu Rose co-stars in the cologne campaign for the French fashion house.,"Timothée Chalamet is making his Martin Scorsese cinematic debut in Scorseses “most difficult” project yet. 
The Oscar-nominated actor leads the Bleu de Chanel men’s fragrance campaign for Chanel, wi… [+3315 chars]"
Robert De Niro takes stand to deny ex-assistant's gender discrimination claim,"The actor is said to be ""grumpy"" while giving evidence in a civil trial against a former assistant.","Robert De Niro took the stand on the first day of a civil trial against a former employee who sued the actor over claims of gender discrimination.
Graham Chase Robinson says the star underpaid her, … [+3178 chars]"
You won't even have time for a pee break during Martin Scorsese's 60-second perfume ad,"Martin Scorsese is laughing right in the face of everyone (ahem, Joe Russo) who’s ever called him a pretentious snob, or someone who doesn’t know how to actually make money, or a one-trick-pony who can only turn out three-plus hour-long cinematic epics. Forge…","Martin Scorsese is laughing right in the face of everyone (ahem, Joe Russo) whos ever called him a pretentious snob, or someone who doesnt know how to actually make money, or a one-trick-pony who can… [+1848 chars]"
"Disney’s ‘Wish’ Eyes $50M Debut, Apple & Sony’s ‘Napoleon’ To Gallop To $24M Over Thanksgiving 5-Day: Box Office Early Look","Let the feast begin: Thanksgiving releases and awards season contenders, Disney’s Wish and Apple Original Films and Sony’s Napoleon are set to open over the Wednesday to Sunday holiday stretch with respective grosses of $50M+ and $24M+. Both movies open on Th…","Let the feast begin: Thanksgiving releases and awards season contenders, Disney‘s Wishand Apple Original Films and Sony‘s Napoleonare set to open over the Wednesday to Sunday holiday stretch with res… [+1761 chars]"
"Robert De Niro On Trump, Marrakech Film Festival And Art “Creativity Comes From The Bottom Up”","The actor on Trump, Moroccan film and setting his entrepreneurial sites on Marrakech","Robert De Niro at the ""Killers Of The Flower Moon"" Photocall at the 76th Annual Cannes Film Festival ... [+] (Photo by Gareth Cattermole/Getty Images)
Getty Images
As actors gather for Novembers Ma… [+5278 chars]"
Box Office vs. Oscar: What Matters in the End?,"Martin Scorsese has always been vocal about his love for cinema and the importance of telling stories that are about the complexities and beauty of characters and the worlds they inhabit. His mission is clear and alive in his latest feature, Killers of the Fl…",Martin Scorsese has always been vocal about his love for cinema and the importance of telling stories that are about the complexities and beauty of characters and the worlds they inhabit. His mission… [+6090 chars]
‘Killers of the Flower Moon’ Author David Grann Picks the Three Best Movies Based on Nonfiction Books (That He Didn't Write),Does any other cinematic take on a nonfiction bestseller hold a candle to Martin Scorsese’s bleak American epic? A living legend of the form weighs in.,"Anyone who reads a lot of popular non-fiction is accustomed to the inevitable disappointment of the movie version. Stinkers like Unbroken, In The Heart of the Sea, and Hes Just Not That Into You (and… [+3289 chars]"
Priscilla Is a Quintessential Sofia Coppola Movie,"Pretty surfaces, thin psychology.","This week, the panel begins by discussing Priscilla, Sofia Coppolas new film starring Cailee Spaeny and Jacob Elordi thats based on Priscilla Presleys memoir, Elvis and Me, and features an otherworld… [+1428 chars]"
"Every Leonardo DiCaprio Movie, Ranked","Whether he's wrestling bears or performing dream espionage, DiCaprio is one of his generation's bonafide greats. Here's where 'Killers of the Flower Moon' fits in.","Sure, Leo gets a boost from *checks IMDB* Meryl Streep, Diane Keaton, and Roberto De Niro, but Marvins Room, at times, feels written partly as a showcase for DiCaprios range. Playing Hank, a troubled… [+392 chars]"
"My Recent Media Diet, Fall 2023 Edition","I know I always say this, but I didn’t mean for so much time to elapse since the last installment of the media diet. But I h","I know I always say this, but I didn’t mean for so much time to elapse since the last installment of the media diet. But I have a slightly different reason for the delay this time: I have been really… [+8200 chars]"
Killers Of The Flower Moon Surprisingly Continues A Major 2023 Story Pattern,Killers of the Flower Moon takes a period piece and makes it shockingly prescient with one storyline that follows a major 2023 story pattern.,"Summary
<ul><li>Killers of the Flower Moon is a period piece that tackles a sadly relevant topic: the exploitation of indigenous communities for their resources. </li><li> The film's opioid storylin… [+5017 chars]"
This Killers Of The Flower Moon Controversy Shows Why One Lost Movie Tradition Needs To Come Back,The release of Martin Scorsese's 3-and-a-half-hour historical crime epic has some calling for the return of one of cinema's oldest practices.,"Summary
<ul><li> The trend of lengthy runtimes in films, including Killers of The Flower Moon, has reignited the debate around the need for intermissions in cinema. </li><li> The practice of intermi… [+7311 chars]"
SAG-AFTRA & Studios “Closer & Closer” To A Deal; More Talks Set For Thursday,"EXCLUSIVE: There’s real movement in talks between SAG-AFTRA and the studios for a new three-year contract, No deal yet, but a framework is in place for a potential agreement, we hear. Back in negotiations Wednesday on day 111 of the actors strike, the two sid…","EXCLUSIVE: There’s real movement in talks between SAG-AFTRA and the studios for a new three-year contract,
No deal yet, but a framework is in place for a potential agreement, we hear.
Back in negot… [+4423 chars]"
Robert De Niro Yells ‘Shame On You’ And Other Outbursts During Gender Discrimination Trial,The actor was sued in 2019 by his former assistant for gender discrimination and retaliation.,"Actor Robert De Niro is on civil trial this week over claims of gender discrimination filed by his former assistant, Graham Chase Robinson, which the actor denies.
Robert De Niro departing court on … [+4405 chars]"
Gripped by Killers of the Flower Moon? Netflix’s new doc delves into another dark part of America’s past,"Based on the bestselling book of the same name, Stamped from the Beginning isn't an easy watch but it's a powerful and compelling one.",Martin Scorsese's Killers of the Flower Moon is a commercial and critical hit based on a terrifying true story: the murders of Osage Americans in the 1920s. It's a beautiful piece of filmmaking about… [+2131 chars]
"Martin Scorsese's first Letterboxd list provides a ""companion film"" for each of his movies",From The Wolf of Wall Street to The King of Comedy,Martin Scorsese's first list on his new Letterboxd account provides some new insight into his movies' influences. The director has compiled a collection of 59 movies that he sees as companion films t… [+1699 chars]
"Apple Revenue Eased Again Last Quarter As Rising Services & IPhone Sales Couldn’t Offset Dips Elsewhere; Investors Await Commentary Around IPhone 15, China","The world’s most valuable company saw another revenue dip with sales down about 1% at $89.5 billion (a hair above Wall Street expectations) for its fiscal fourth quarter. EPS at $1.46 was up 13% percent year-on-year for the three months ended in September, al…","The world’s most valuable company saw another revenue dip with sales down about 1% at $89.5 billion (a hair above Wall Street expectations) for its fiscal fourth quarter. 
EPS at $1.46 was up 13% pe… [+3419 chars]"
David Fincher and Alexander Payne Reboot Their Pre-Millenium Ennui,The Fight Club and Election directors return to their,"Its nearly 2024, and that rumbling you hear in the distance is an avalanche of 25th-anniversary pieces looking back at the films of 1999. The final year of the twentieth century already seemed like a… [+5792 chars]"
Scorsese On Fraser’s Divisive “Killers” Role,Filmmaker Martin Scorsese has praised actor Brendan Fraser’s performance in Scorsese’s period epic “Killers of the Flower Moon” as being ‘perfect’ for how he wanted the role portrayed. Oscar-winner Fraser is one of countless character actors in smaller roles …,"Filmmaker Martin Scorsese has praised actor Brendan Fraser’s performance in Scorsese’s period epic “Killers of the Flower Moon” as being ‘perfect’ for how he wanted the role portrayed.
Oscar-winner … [+1534 chars]"
Robert De Niro Indelicately Explains Why He Called Assistant Twice At Funeral,The movie icon may not have come off as a good fella in his testimony at a gender-discrimination trial.,"Actor Robert De Niro seemed a tad coarse in explaining Tuesday why he called his former assistant twice at her grandmothers funeral, according to Insider.
I dont know if they were putting the body i… [+1284 chars]"
Joe Russo Ignites Internet Backlash After Making a Joke About Martin Scorsese,"Director Martin Scorsese has been quoted making comments about the argument of Marvel movies as cinema, taking jabs at the superhero genre, and the validity of films made by directors like The Russo Brothers. But Joe Russo made a joke this week at the expense…","Director Martin Scorsese has been quoted making comments about the argument of Marvel movies as cinema, taking jabs at the superhero genre, and the validity of films made by directors like The Russo … [+1647 chars]"
"Robert De Niro tells jury that claims by ex-assistant are ""nonsense""",The two-time Oscar-winning actor at times appeared grouchy and twice raised his voice almost to a shout during his testimony.,"Jury selection to start in Robert de Niro's discrimination suit 
Jury selection to start in Robert de Niro's discrimination suit00:27
Robert De Niro testified Monday in New York City at a trial res… [+5161 chars]"
KILLERS OF THE FLOWER MOON Misses Its Own Point,"Killers of the Flower Moon is a fantastic movie but it's tainted by focusing on the perpetrators of the atrocities.
The post KILLERS OF THE FLOWER MOON Misses Its Own Point appeared first on Nerdist.","History is a funny thing. It can be cruel, it can be informative. It can be weird or nuanced, even be entertaining. In the case of Killers of the Flower Moon, it’s all of these and so much more. 
Be… [+7285 chars]"
"The Engaging, Exciting, and Epic Films of Martin Scorsese and Leonardo DiCaprio, Ranked",Where does 'Killers of the Flower Moon' rank?,"YOU COULD PROBABLY count on one hand the amount of auteur film directors that just about anyone you'd ever meeton the street, at the gym, in a bar, whereverwould know by name. Likewise, in this day a… [+1758 chars]"
"Cutting Edge: Thelma Schoonmaker on Powell and Pressburger, Scene by Scene",,"Thelma Schoonmaker at the Karlovy Vary International Film Festival, 2010. Photo by Petr Novák.At 83 years old, Thelma Schoonmaker has no intention of slowing down. Best known for her career-long coll… [+26827 chars]"
Robert De Niro apologises for angry outburst in court as he denies abusing former assistant,"The two-time Oscar winner angrily denies numerous allegations of abusive behaviour towards his former assistant and vice-president, who is seeking damages for emotional distress and reputational damage in a New York federal court.","Actor Robert De Niro has shouted, ""Shame on you!"" in a New York courtroom, directing the comments toward his former executive assistant and vice-president, who is seeking millions of dollars after ac… [+3784 chars]"
"Apple Original Films’ epic ‘Napoleon,’ from Ridley Scott, expected to open big on November 22nd","Apple Original Films and Sony's ""Napoleon"" is set to open over the Wednesday to Sunday holiday stretch with an estimated gross of…
The post Apple Original Films’ epic ‘Napoleon,’ from Ridley Scott, expected to open big on November 22nd appeared first on MacDa…","Apple Original Films and Sony’s “Napoleon” is set to open over the Wednesday to Sunday holiday stretch with an estimated gross of $24+ million. The film opens on Thanksgiving eve, November 22nd.
Ant… [+1938 chars]"
"John Wick: Chapter 4 Director Passionately Reacts To Oscar Buzz For Keanu Reeves Sequel: ""I Was Pretty Impressed""",Exclusive: Director Chad Stahelski offers a passionate reaction to John Wick: Chapter 4 getting Oscar buzz and his confidence in its chances.,"As Lionsgate begins pushing for the movie to score major awards, Chad Stahelski shares his passionate reaction to John Wick: Chapter 4's Oscar buzz. The latest installment in the Keanu Reeves-led fra… [+6265 chars]"
"Leonardo DiCaprio, Vittoria Ceretti Are Exclusive: He’s ‘Completely Smitten’","Leonardo DiCaprio only has eyes for Vittoria Ceretti after sparking romance speculation in August, a source exclusively reveals in the latest issue of Us Weekly. The Oscar winner, 48, is “completely smitten” with the model, 25, the insider says, noting that D…","Leonardo DiCaprio only has eyes for Vittoria Ceretti after sparking romance speculation in August, a source exclusively reveals in the latest issue of Us Weekly.
The Oscar winner, 48, is completely … [+2571 chars]"
"One, Two, Freddy’s Coming for the Movies Fantasy League","Halloweekend box-office showdowns, podcaster mini-leagues, and more updates in the Movies Fantasy League.","This is the latest edition of the Movies Fantasy League newsletter. The drafting window for this season has closed, but you can still sign up to get the newsletter, which provides a weekly recap of b… [+4826 chars]"
Kylie Jenner Gets Support from Timothee Chalamet as She's Honored with Brand Innovator of the Year at Innovator Awards 2023,Kylie Jenner has Timothee Chalamet by her side on her big night! The 26-year-old Khy fashion designer had the support of the 27-year-old Bones and All actor as she was honored at the WSJ Magazine 2023 Innovator Awards held at the Museum of Modern Art in New Y…,"Kylie Jenner has Timothee Chalamet by her side on her big night!
The 26-year-old Khy fashion designer had the support of the 27-year-old Bones and All actor as she was honored at the WSJ Magazine 20… [+1213 chars]"
Scary ‘Freddy’s’ film scores big N America opening,"New horror film ""Five Nights at Freddy's"" shot to the top of the North American box office this pre-Halloween weekend, taking in an estimated $78 million, a frighteningly good opening for a film also available via streaming.","LOS ANGELES
New horror film ""Five Nights at Freddy's"" shot to the top of the North American box office this pre-Halloween weekend, taking in an estimated $78 million, a frighteningly good opening fo… [+1961 chars]"
"Martin Scorsese Talks His Love Of Music, ‘The Last Waltz,’ ‘Killers’ & More In New 50-Minute Apple Music Podcast","It’s difficult to say there’s really any silver lining to the ongoing SAG strike. However, if there is something we can point to as a positive by-product (other than the hopeful fair resolution to the labor disagreement), it’s the fact that Martin Scorsese ha…","Its difficult to say theres really any silver lining to the ongoing SAG strike. However, if there is something we can point to as a positive by-product (other than the hopeful fair resolution to the … [+1728 chars]"
Robert De Niro Admits To Asking Assistant To Scratch Back: ‘You Got Me!’,The Hollywood legend’s reported outbursts brought the drama to a civil trial pitting him against ex-staffer Graham Chase Robinson.,"Film icon Robert De Niro had some scene-stealing moments in court on Tuesday, including an exchange in which he admitted to insisting a former assistant scratch his back.
In a civil trial pitting th… [+1569 chars]"
Robert De Niro yells at former assistant in court as testimony gets heated,Graham Chase Robinson seeks $12 million in damages for emotional distress and reputational harm that she claims has left her unable to recover from the trauma of working for Robert De Niro.,"Actor Robert De Niro shouted ""Shame on you!"" as he testified Tuesday in a New York courtroom, directing the comments toward his former executive assistant and vice president who seeks millions of dol… [+3935 chars]"
'Shame on you!': Robert De Niro shouts across court in ex-assistant's abuse case,"Robert De Niro shouted ""shame on you!"" in a New York courtroom, during his ex-assistant's abuse case against him.","Robert De Niro shouted ""shame on you!"" in a New York courtroom, during his ex-assistant's abuse case against him.
Graham Chase Robinson is suing De Niro for $12m (£9.9m) in damages for ""severe emoti… [+1794 chars]"
Box Office Predictions: Five Nights at Freddy’s to top the charts for a second week,"With a lack of competition, Five Night's at Freddy's should easily cruise to a second week atop the charts. 
The post Box Office Predictions: Five Nights at Freddy’s to top the charts for a second week appeared first on JoBlo.","With a lack of competition, Five Night’s at Freddy’s should easily cruise to a second week atop the charts. 
This weekend was originally supposed to be an epic one. In a perfect world the SAG-AFTRA … [+5415 chars]"
Timothée Chalamet Is the Leading Man in Martin Scorsese’s New Chanel Campaign,Martin Scorsese directs Timothée Chalamet in the new Bleu de Chanel campaign. Chanel officially announced that Chalamet is the newest ambassador for the fragrance and ... Read More,Martin Scorsese directs Timothée Chalamet in the new Bleu de Chanel campaign. Chanel officially announced that Chalamet is the newest ambassador for the fragrance and released behind-the-scenes foota… [+2857 chars]
‘Shame on you’: Robert De Niro shouts at former assistant during court case,Graham Chase Robinson is seeking $12 million in damages for emotional distress and reputational harm that she claims has left her jobless and unable to recover from the trauma of her job,"Actor Robert De Niro shouted Shame on you as he gave evidence in a New York courtroom, directing the comments towards his former executive assistant and vice president who is seeking millions of doll… [+2464 chars]"
"Robert De Niro lashes out at former assistant who sued him, shouting: ‘Shame on you!’","By LARRY NEUMEISTER (Associated Press) NEW YORK (AP) — Actor Robert De Niro shouted “Shame on you!” as he testified Tuesday in a New York courtroom, directing the comments toward his former executive assistant and vice president who is seeking millions of dol…","By LARRY NEUMEISTER (Associated Press)
NEW YORK (AP) — Actor Robert De Niro shouted “Shame on you!” as he testified Tuesday in a New York courtroom, directing the comments toward his former executiv… [+2057 chars]"
A chilling Colorado tale of buffalo slaughter jumps from page to screen in Nicholas Cage’s latest movie,"As a novel, the coming-of-age story was arguably the first Western to subvert the genre's morally certain, decades-old formulas.","When John Williams penned the gritty, Colorado-set novel Butchers Crossing in 1960, he faced a herd of Western writers stampeding in the other direction.
Seminal novelists of the genre such as Zane … [+5963 chars]"
Robert De Niro outraged by lawyer's question over whether he accepted a literal backscratch: 'Shame on you!',"It was in response to a question about whether he asked for her to scratch his back by hand, not with a backscratcher (he said yes, a few times).","Actor Robert De Niro shouted Shame on you! as he testified Tuesday in a New York courtroom, directing the comments toward his former executive assistant and vice president who seeks millions of dolla… [+3094 chars]"
"“Wish,” “Napoleon” Box-Office Projections",Long-range box-office tracking projections for the Thanksgiving holiday weekend are in with Disney’s animated film “Wish” and Ridley Scott’s war epic “Napoleon” on track for five-day openings of at least $50 million and $24 million respectively. If “Wish” rea…,Long-range box-office tracking projections for the Thanksgiving holiday weekend are in with Disney’s animated film “Wish” and Ridley Scott’s war epic “Napoleon” on track for five-day openings of at l… [+1115 chars]
Robert De Niro shouts ‘shame on you’ at former assistant during court case as he gives evidence,Graham Chase Robinson is seeking $12 million in damages for emotional distress and reputational harm.,"ACTOR ROBERT DE Niro shouted shame on you as he gave evidence in a New York courtroom, directing the comments towards his former executive assistant and vice president who is seeking millions of doll… [+1983 chars]"
Inside Robert De Niro's Bitter Legal Battle with Assistant,"De Niro and his former assistant, Graham Chase Robinson, are facing off in a New York City court after filing lawsuits against each other.","Robert De Niro is currently in the throes of a bitter courtroom showdown with one of his former assistants, years after each side filed lawsuits against the other.
The actor's film production compan… [+4781 chars]"
Nolte: Robert De Niro’s ‘Killers of the Flower Moon’ DOA at Box Office,Oscar-winning director Martin Scorsese’s Killers of the Flower Moon is dead on arrival after its second-weekend box office collapsed to just $9 million. Apple Studios dropped a reported $200 million into this prestige flick and at least another $60 or $70 mil…,"Skip to comments.
Nolte: Robert De Niros Killers of the Flower Moon DOA at Box OfficeBreitbart ^
 | 10-30-23
 | JOHN NOLTE
Posted on 10/31/2023 7:36:08 AM PDT by dynachrome
Oscar-winning directo… [+5867 chars]"
FNaF movie: Halloween box office records broken by Fazbear gang,"Critics weren't keen on the game adaptation, but fans helped the film rack up monster ticket sales.","The Five Nights at Freddy's (FNAF) movie ruled the UK Halloween weekend box office despite poor critic reviews.
The film made £5.4m in the UK since its release last Wednesday, according to the Film … [+2156 chars]"
Grumpy Robert De Niro takes the stand to criticise ex-assistant's 'nonsense' lawsuit,"Robert De Niro has appeared in court to deny ""nonsense"" claims from his ex-assistant after she sued him for alleged abusive behaviour.","Robert De Niro has appeared in court to deny ""nonsense"" claims from his ex-assistant after she sued him for alleged abusive behaviour.
The double Oscar winner hit out at the claims by Graham Chase R… [+4029 chars]"
'Killers of the Flower Moon' and the Reign of Terror's place in pop culture | Late Edition: Crime Beat Chronicles podcast,"Late Edition: Crime Beat Chronicles podcast: We continue the story of the Osage Reign of Terror and its connection to the new Martin Scorsese film ""Killers of the Flower Moon.""","The latest episode of Late Edition: Crime Beat Chronicles is in partnership with the Tulsa World to introduce the story of the Osage Reign of Terror and the feature film ""Killers of the Flower Moon.""… [+19750 chars]"
"Robert De Niro lashes out at former assistant who sued him, shouting: 'Shame on you!'",Robert De Niro lashed out in a New York courtroom against a former executive assistant and vice president who is seeking millions of dollars after accusing her former boss of being abusive,"NEW YORK -- Actor Robert De Niro shouted Shame on you! as he testified Tuesday in a New York courtroom, directing the comments toward his former executive assistant and vice president who is seeking … [+1993 chars]"
'Shame on you!': Robert De Niro lashes out at ex-employee in court,The actor's former assistant has accused him of being abusive and filed a $12 million lawsuit.,"New York, Nov 1 : Actor Robert De Niro shouted 'Shame on you!' as he testified in a New York courtroom, directing the comments toward his former executive assistant and vice president who seeks milli… [+3193 chars]"
Robert De Niro's outburst: Drama unfolds in New York court as actor shouts 'shame on you' at former assistant amid accusations,"De Niro, visibly angry, denied claims of urinating during phone calls and using disrespectful language, although he admitted raising his voice.","New York- Actor Robert De Niro shouted ""Shame on you!"" as he testified Tuesday in a New York courtroom, directing the comments toward his former executive assistant and vice president who seeks milli… [+3148 chars]"
Martin Scorsese Makes Profound Films That Spark the Dumbest Debates,"With ‘Killers of the Flower Moon,’ Martin Scorsese has triggered more stupid online discourse about intermissions, Marvel, and “sympathetic” villains.","Across his grand filmography, Martin Scorsese has weighed up the deadly sins that make us all too human. Greed, wrath, envy, pride — name the flaw, he’s made it visceral on the screen. That he’s 80 y… [+6528 chars]"
Confessions of a Culture Writer With Celebrity Face Blindness,"You’d think, given my line of work, that I’d be able to tell you the name of that guy from the thing.",Theres a scene from ABCs Abbott Elementary that haunts me. Beloved Boomer-aged grade-school teacher Ms. Howard mixes up two celebrities while debating who should be the next Spiderman. Well if they d… [+7291 chars]
Marvel’s Joe Russo Seemed To Tease Martin Scorsese Over His Beloved Films’ Relative Lack Of Box Office Power,"Getty Image


One of the directors of big Marvel movies seemed to drag the legendary filmmaker over his films not making blockbuster cash.","Martin Scorsese pictures arent always money-gobblers. Sometimes they are. The Wolf of Wall Street, to name one, did more than swimmingly. But usually they attract their biggest audiences over the yea… [+2451 chars]"
"Martin Scorsese Says Brendan Fraser Is ‘Perfect’ in ‘Flower Moon,’ While Many Viewers Call Him Too Over-the-Top: ‘He’s a Wonderful Actor’","Martin Scorsese recently said at a press conference (via LADbible) that Brendan Fraser is “perfect” in “Killers of the Flower Moon.” The actor, who won the Oscar this year for his performance in “The Whale,” has been panned by many fans since “Flower Moon” op…","Martin Scorseserecently said at a press conference (via LADbible) that Brendan Fraser is “perfect” in “Killers of the Flower Moon.” The actor, who won the Oscar this year for his performance in “The … [+2487 chars]"
Robert De Niro is giving the most unhinged performance of his life – and it’s no act,"Robert De Niro has walked out of interviews, bashed Trump and lost his temper in court.","Actor Robert De Niro arrives at court in New York. Photo / APRobert De Niros voice punched through the respectful hush of the Manhattan courtroom like a hammer through plate glass. Shame on you, he s… [+8708 chars]"
It’s a Fact: ‘American Fiction’ Has What It Takes to Win Best Picture,"It’s not homework, it’s “American Fiction.” At first glance, writer-director Cord Jefferson’s satire about the exploitation of Black people in media might seem like another “message” movie offering difficult conversations around politics and race. Well, it is…","It’s not homework, it’s “American Fiction.”
At first glance, writer-director Cord Jefferson’s satire about the exploitation of Black people in media might seem like another “message” movie offering … [+9416 chars]"
Robert De Niro admits to ‘berating’ his former assistant and asking her to ‘scratch his back’,The actor gave a ‘grumpy’ testimony in court over alleged harassment.,"Robert De Niro has admitted he asked his former assistant to scratch his back, during a series of testy exchanges in a New York Court. Photo / Getty ImagesAn angry Robert De Niro has admitted he aske… [+5526 chars]"
Robert De Niro shouts ‘Shame on you’ at former assistant during court case,"Actor Robert De Niro shouted “Shame on you” as he gave evidence in a New York courtroom, directing the comments towards his former executive assistant and vice president who is seeking millions of dollars after accusing her former boss of being abusive.","Actor Robert De Niro shouted Shame on you as he gave evidence in a New York courtroom, directing the comments towards his former executive assistant and vice president who is seeking millions of doll… [+2078 chars]"
Variety Creative Leadership Award Honoree Ray Halbritter Aims to Improve Native American Visibility in Hollywood and Beyond,"If life were a superhero movie, one of the major characters would be Ray Halbritter. That’s because the Oneida Indian Nation member has traveled a true superhero journey, using his connections and power not only to raise the visibility and elevate the prosper…","If life were a superhero movie, one of the major characters would be Ray Halbritter. That’s because the Oneida Indian Nation member has traveled a true superhero journey, using his connections and po… [+8663 chars]"
'Lawmen: Bass Reeves' becomes the latest epic Western on Paramount+ | Streamed & Screened podcast,"Streamed & Screened podcast: ""Lawmen: Bass Reeves,"" is a passion project of David Oyelowo, who takes on the title role that tells the story of the deputy U.S. Marshal.","Taylor Sheridan is the actor and director who has probably become best know as the co-creator of the epic Paramount Network series ""Yellowstone"" and its prequels ""1883"" and ""1923.""
His newest projec… [+34226 chars]"
"Martin Scorsese, Kylie Jenner, and SZA Among Honorees at the WSJ. Innovator Awards","The evening drew A-listers to the red carpet, from Trevor Noah to Martha Stewart","Martin Scorsese, Kylie Jenner, SZA, and Ed Ruscha were among the seven big names honored at WSJ. Magazines 2023 Innovator Awards on Wednesday, held at the Museum of Modern Art in New York City.Jenner… [+4451 chars]"
This is Tim: Apple Q4 2023 analyst call transcript,"As always, Apple CEO Tim Cook and CFO Luca Maestri spend an hour talking to investment analysts about the company’s just-completed quarter. And as always, we’ve got a transcript! Here it is, update…","As always, Apple CEO Tim Cook and CFO Luca Maestri spend an hour talking to investment analysts about the companys just-completed quarter. And as always, weve got a transcript! Here it is, update in … [+19174 chars]"
Healing the Wounds of the Vietnam War,"Two perspectives on the 20th-century conflict look back, five decades after the fighting stopped, to discuss what was lost and what is remembered today","Retried Col. Robert Certain returned to the site of the Hanoi Hilton 50 years after he was freed from the infamous prisoner of war camp.
 Photographs by Yen Duong, Illustration by Emily Lankiewicz
… [+32220 chars]"
Why Horror Has Been Killing It in 2023,"A look back at the horror hits of 2023, and why many have been so successful.","Not too long ago, a friend of mine posted on Facebook that “Saw X” was coming out in theaters and he wanted all the people who’ve been bad-mouthing the Marvel movies and the “Fast & Furious” films (t… [+10595 chars]"
"What's Worth Streaming: There’s a ton worth streaming in November 2023. So as prices rise, here’s how to avoid breaking the bank.","With 'For All Mankind,' 'The Crown,' 'Fargo,' 'Bass Reeves' and much more on the way, it may be time to make ad-supported tiers your default.","November offers a false spring for streaming viewers.After a slow couple of months, theres suddenly an abundance of top-tier shows on the way, but dont be fooled the streaming scene is going to be la… [+17364 chars]"
"Apple is 'very pleased' with its movie box office, says theater chain","The CEO of the Cinemark movie theater chain says that despite comparatively low takings for the epic ""Killers of the Flower Moon,"" Apple is seeing ""real value.""Killers of the Flower MoonMartin Scorsese and Eric Roth's ""Killers of the Flower Moon"" proved to be…","Killers of the Flower Moon
The CEO of the Cinemark movie theater chain says that despite comparatively low takings for the epic ""Killers of the Flower Moon,"" Apple is seeing ""real value.""
Martin Sc… [+1259 chars]"
Up First briefing: Voices from the West Bank; Sam Bankman-Fried convicted,Palestinians in the West Bank give their perspective on Israel's war with Hamas in Gaza. Disgraced FTX founder Sam Bankman-Fried is convicted of fraud.,"Good morning. You're reading the Up First newsletter. Subscribe here to get it delivered to your inbox, and listen to the Up First podcast for all the news you need to start your day.
Today's top st… [+5955 chars]"
Martin Scorsese Defends Brendan Fraser’s ‘Killers of the Flower Moon’ Performance: ‘He’s a Wonderful Actor’,Fraser plays lawyer W.S. Hamilton in Scorsese's Western film.,"In Martin Scorsese‘s “Killers of the Flower Moon,”Brendan Fraser first appears in the third act, but his outsized performance as lawyer W.S. Hamilton leaves a massive impression. The performance has … [+1933 chars]"
"Martin Scorsese comments on Brendan Fraser's Killers Of The Flower Moon performance, coins incredible new phrase","Step aside, Pete and Ariana: there’s a new phallic phrase-coiner in town. And he’s none other than legendary director Martin Scorsese. Honestly, is there anything the guy can’t do? Read more...","Step aside, Pete and Ariana: theres a new phallic phrase-coiner in town. And hes none other than legendary director Martin Scorsese. Honestly, is there anything the guy cant do? 
Its 2023 and Pete D… [+2450 chars]"
30 Movies That Are On Our Radar This Fall,"From “Maestro” to “Renaissance: A Film by Beyoncé,"" these are some of the films we're looking out for in theaters and on streaming for the rest of the year.","Lily Gladstone in ""Killers of the Flower Moon,"" Bradley Cooper and Carey Mulligan in ""Maestro,"" and Beyoncé on the Renaissance tour in Kansas City, Missouri.
Its that time of year when big films see… [+13086 chars]"
‘Killers Of The Flower Moon’ Crosses $100M Global Box Office,"Martin Scorsese’s Killers of the Flower Moon, from Apple, Paramount and Imperative Entertainment, has set a milestone, crossing the $100M mark at the global box office through Thursday. As it heads into its third frame, the epic western crime saga is at $102.…","Martin Scorsese’s Killers of the Flower Moon, from Apple, Paramount and Imperative Entertainment, has set a milestone, crossing the $100M mark at the global box office through Thursday. As it heads i… [+1411 chars]"
Thelma Schoonmaker Says Scorsese’s ‘Raging Bull’ Oscar Loss Was the ‘Worst Night of My Life’,"""It was devastating that he didn't win,"" the Academy Award-winning editor said of Scorsese losing Best Director, while she won Best Editing.","Martin Scorsese‘s longtime collaborator, Oscar-winning editor Thelma Schoonmaker, was devastated when the Academy didn’t recognize his work on “Raging Bull.” 
The boxing biopic starring Robert De Ni… [+2087 chars]"
How Erica Tremblay markets her movie without 'Killers of the Flower Moon' money,"We asked Sundance filmmakers to keep a diary of one day in their working life. Erica Tremblay, whose 'Fancy Dance' stars Lily Gladstone, reflects on what she'd do with a marketing budget.","CAYUGA LAKE, N.Y.  As part of our yearlong series on Sundance filmmakers, The Independents, we asked participants to keep a diary of one day in their working life and submit an accompanying self-port… [+5447 chars]"
Martin Scorsese Responds to Critics of Brendan Fraser's 'Killers of the Flower Moon' Performance,"Brendan Fraser‘s first role since winning Best Actor at the 2023 Academy Awards has been met with mixed reviews. Director Martin Scorsese doesn’t see eye-to-eye with his critics, though. The 54-year-old actor appears in Martin‘s star-studded new movie Killers…","Brendan Fraser‘s first role since winning Best Actor at the 2023 Academy Awards has been met with mixed reviews. Director Martin Scorsese doesn’t see eye-to-eye with his critics, though. 
The 54-yea… [+956 chars]"
"Leonardo DiCaprio's Girlfriend Vittoria Ceretti Joined Him at LACMA Gala, But They Avoided Photo Ops","Leonardo DiCaprio served as one of the gala co-chairs for the 2023 LACMA Art+Film Gala and his girlfriend Vittoria Ceretti also attended, though they avoided photo ops together. The Oscar-winning actor only posed for one photo during the evening and it was al…","Leonardo DiCaprio served as one of the gala co-chairs for the 2023 LACMA Art+Film Gala and his girlfriend Vittoria Ceretti also attended, though they avoided photo ops together.
The Oscar-winning ac… [+896 chars]"
"Apple & Amazon “Very Pleased” With Theatrical Box Office Results, Cinemark CEO Sean Gamble Says; Streaming And Concert Films Could Soon Give Theaters “More Content Than Ever”","Cinemark CEO Sean Gamble said Apple and Amazon, two behemoths of the tech world but newcomers to the wide-release movie business, are so far “very pleased” with their results. During a conference call with Wall Street analysts to discuss third-quarter results…","Cinemark CEO Sean Gamble said Apple and Amazon, two behemoths of the tech world but newcomers to the wide-release movie business, are so far “very pleased” with their results. 
During a conference c… [+4489 chars]"
What the Debate Over Long Movies Gets Wrong,"For one thing, movies aren’t getting longer.","On Dec. 28, 1895, Louis and Auguste Lumière staged the first exhibition of a moving picture for a paying audience. On Dec. 29, the first person complained that it was too long. Sure, The Arrival of a… [+10018 chars]"
Martin Scorsese defends Brendan Fraser’s acting in ‘Killers of the Flower Moon’ after backlash,"""He’s a wonderful actor and he was just great to work with."" — Martin Scorsese","Brendan Frasers bombastic performance in Killers of the Flower Moon has gotten criticism online, but hes got one powerful defender. 
Director Martin Scorsese, 80, proclaimed that Fraser, 54, was per… [+2402 chars]"
Martin Scorsese Weighs In On Criticisms Of Brendan Fraser: ‘He Had That Girth’,"Following the release of Killers of the Flower Moon, there were some movie fans online who were critical of the performance of recent Best Actor winner Brendan Fraser. Introduced in the third act of the film, Fraser plays W. S. Hamilton, a boisterous, showy M…","Apple
Following the release of Killers of the Flower Moon, there were some movie fans online who were critical of the performance of recent Best Actor winner Brendan Fraser.
Introduced in the third… [+1628 chars]"
Meet Leonardo DiCaprio’s New 25-Year-Old Model Girlfriend,"Stop us if you’ve heard this one before: Leonardo DiCaprio has a new model girlfriend, and she’s 25 years old. And this time, similar to Rick Dalton in Once Upon a Time in Hollywood, she’s Italian. According to a report from Us Weekly, the 48-year-old Academy…","Getty Image
Stop us if youve heard this one before: Leonardo DiCaprio has a new model girlfriend, and shes 25 years old. And this time, similar to Rick Dalton in Once Upon a Time in Hollywood, shes … [+2206 chars]"
The 18+ Best Movies Of 2023,"The best movies of 2023 have a lot in common: they're celebratory, they're nostalgic, and they're full of life, which is exactly what entertainment needs right now. I rounded up Brit + Co's favorite picks from this year's summer movies and fall movies to dete…","The best movies of 2023 have a lot in common: they're celebratory, they're nostalgic, and they're full of life, which is exactly what entertainment needs right now. I rounded up Brit + Co's favorite … [+7536 chars]"
Lily Gladstone in Gucci at the 2023 LACMA Art+Film Gala: IN or OUT?,"The last time we feature her, we said we were going to give Killers of the Flower Moon star Lily Gladstone a spotlight post every time she stepped out in public, simply because the SAG AFTRA strike robbed her of the opportunity to mount a killer Oscar fashion…","Archives: 
Select
 November 2023 
 October 2023 
 September 2023 
 August 2023 
 July 2023 
 June 2023 
 May 2023 
 April 2023 
 March 2023 
 February 2023 
 January 2023 
 December 2022… [+3035 chars]"
Box Office Results: Five Nights at Freddy’s Cruises Past $100M,"Five Nights at Freddy’s dropped hard in its sophomore frame but stomped past $100 million at the domestic box office, per Deadline. The horror flick dipped 76% and brought in $19.4M, likely due to its availability on Peacock. Why see a movie twice in theaters…","Five Nights at Freddys dropped hard in its sophomore frame but stomped past $100 million at the domestic box office, per Deadline. The horror flick dipped 76% and brought in $19.4M, likely due to its… [+2172 chars]"
Weekend Box Office Suffers Because Of The SAG-AFTRA Strike,"Weekend box office numbers were the fourth worst for 2023 this weekend, with lots of the blame coming from the fact that because of the ongoing SAG-AFTRA strike, Dune: Part Two did not open as it was supposed to. That film was moved by Warner's to March 2024 …","Posted in: Box Office, Movies | Tagged: dune: part two, five nights at freddy's, taylor swift, Weekend Box Office
The Weekend Box Office was won by Five NIghts At Freddys again, but was the fourth l… [+2933 chars]"
"Martin Scorsese Crossed Paths With Kylie Jenner, Filmed A TikTok With Her","Ever since the release of Avengers: Infinity War back in 2018, the term “the most ambitious crossover since” has entered our lexicon as a means of expressing a combination of two things/people that you’d never expect. And Martin Scorsese crossing paths with K…","Getty Image
Ever since the release of Avengers: Infinity War back in 2018, the term the most ambitious crossover since has entered our lexicon as a means of expressing a combination of two things/pe… [+1801 chars]"
Martin Scorsese gives praise to Brendan Fraser’s performance amid Killers of the Flower Moon criticisms,"While the Brenaissance continues with Fraser's role in Scorsese's newest film, many are not taking to the choices he's made with his character.
The post Martin Scorsese gives praise to Brendan Fraser’s performance amid Killers of the Flower Moon criticisms ap…","While the Brenaissance continues with Fraser’s role in Scorsese’s newest film, many are not taking to the choices he’s made with his character.
Martin Scorsese’s latest film, Killers of the Flower M… [+2133 chars]"
Quiz: How much do you know about the career of Leonardo DiCaprio?,The Oscar winning actor stars in the new Martin Scorsese film Killers of the Flower Moon.,"The Journal supports the work of the Press Council of Ireland and the Office of the Press
 Ombudsman, and our staff operate within the Code of Practice. You can obtain a copy of the
 Code, or conta… [+904 chars]"
‘Five Nights At Freddy’s’ Tops $200M WW; ‘Godzilla Minus One’ Roars In Japan – International Box Office,"Universal/Blumhouse’s Five Nights at Freddy’s was still plenty game this weekend, crossing $100M at the international box office and $200M worldwide. The sophomore frame overseas, where this is a pure theatrical play, dipped 54% to deliver $35.6M in 74 market…","Universal/Blumhouse’s Five Nights at Freddy’swas still plenty game this weekend, crossing $100M at the international box office and $200M worldwide. The sophomore frame overseas, where this is a pure… [+4769 chars]"
Martin Scorsese's Favorite John Wayne Western (& How It Inspired His Movies),"Martin Scorsese may have never made a Western himself, but his love for an iconic John Wayne film has had a major influence on his career.","Summary
<ul><li> Martin Scorsese considers John Wayne's The Searchers to be the best Western ever made, describing it as a masterpiece with a deeply painful core. </li><li> The Searchers has had a s… [+5066 chars]"
The Family Plan: Mark Wahlberg Apple Action Film Release Trailer,"The Family Plan is a new action comedy coming to Apple TV+ on December 15th. It stars Mark Wahlberg, Michelle Monaghan, Zoe Colletti, Van Crosby, Saïd Taghmaoui, Maggie Q, and Ciarán Hinds. It is directed by Simon Cellan Jones from a screenplay written by Dav…","Posted in: Apple, Movies, Trailer | Tagged: apple tv, mark wahlberg, The Family Plan
The Family Plan is a new action comedy starring Mark Wahlberg coming to Apple TV+ December 15th, and the trailer … [+2567 chars]"
Rodrigo Prieto Had to Explore ‘My Own Darkness’ When Filming ‘Killers of the Flower Moon’,"Whether it's Barbie or Mollie Burkhart, the famed cinematographer searches for a part of himself in the characters he puts on camera
The post Rodrigo Prieto Had to Explore ‘My Own Darkness’ When Filming ‘Killers of the Flower Moon’ appeared first on TheWrap.","Rodrigo Prieto has been on quite a journey over the past year. In 2022, he spent months on the plains of Oklahoma working in blistering hot weather with Martin Scorsese as DP of Killers of the Flower… [+8340 chars]"
"Column: Should movie theaters provide intermissions, even if filmmakers don’t?",A handful of U.S. movie theater exhibitors recently went rogue and put in their own intermission — and then retracted it on orders from the “Killer of the Flower Moon” backers.,"Michael Phillips | (TNS) Chicago Tribune
Killers of the Flower Moon is not short, nor should it be. At 3 hours, 26 minutes, it casts a spell, dark and mournful but alive.
It may look like a certain… [+6594 chars]"
Leftist Fans Of ‘Killers Of The Flower Moon’ Overlook The Ultimate Villain In The Osage Murders: The Federal Government,"In the late 1800s, the Osage Nation struck blackgold, and overnight Osage tribal members became the wealthiest people per capita in the world.","In the late 1800s, the Osage Nation struck blackgold. Overnight, their Oklahoma reservation became one of the most sought-after pieces of land in the country, and Osage tribal members became the weal… [+9923 chars]"
Top Gun’s High Earners: Richest Top Gun Actors,"When it comes to the highest-paid actors in Hollywood, the top earners from the Top Gun franchise stand out as some of the wealthiest actors in the movie industry. These actors have not only captivated audiences with their performances but have also secured m…","When it comes to the highest-paid actors in Hollywood, the top earners from the Top Gun franchise stand out as some of the wealthiest actors in the movie industry. These actors have not only captivat… [+20727 chars]"
Weekend Box Office Muted Without 'Dune: Part Two',"The North American box office had one of its slowest weekends of the year, due in large part to ""Dune: Part Two's"" absence from the lineup. 


Moviegoers had many other options to choose from. The video game adaptation ""Five Nights at Freddy's"" repeated its f…","The North American box office had one of its slowest weekends of the year, due in large part to ""Dune: Part Two's"" absence from the lineup. 
Moviegoers had many other options to choose from. The vid… [+5684 chars]"
Weekend North American box office results muted without ‘Dune: Part Two’,"The North American box office had one of its slowest weekends of the year, due in large part to “Dune: Part Two’s” absence from the lineup. Moviegoers had many other options to choose from. The video game adaptation “Five Nights at Freddy’s” repeated its firs…","The North American box office had one of its slowest weekends of the year, due in large part to Dune: Part Twos absence from the lineup.
Moviegoers had many other options to choose from. The video g… [+5281 chars]"
Robert De Niro's Girlfriend Calls His Ex-Assistant 'Mean-Spirited' in Court,"Robert De Niro’s girlfriend, Tiffany Chen, took the stand against his former assistant Graham Chase Robinson. Chen testified against Robinson on Thursday, November 2, the fourth day of De Niro’s gender discrimination trial in New York City. De Niro, 80, and h…","Robert De Niro, Tiffany Chen.Arnold Jerocki/Getty Images for Air Mail/Warner Brothers Discovery
Robert De Niros girlfriend, Tiffany Chen, took the stand against his former assistant Graham Chase Rob… [+2954 chars]"
Martin Scorsese Says Brendan Fraser Had Perfect 'Girth' for 'Killers of the Flower Moon',As originally published by Ben Okazawa on Exclaim!Actor and Upper Canada College survivor Brendan Fra,"As originally published by Ben Okazawa on Exclaim!Actor and Upper Canada College survivor Brendan Fraser is only in Killers of the Flower Moon for around seven minutes, but, according to Martin Scors… [+1083 chars]"
The box office just had one of its slowest weekends all year as Hollywood strikes delayed the release of blockbuster 'Dune: Part Two',"The release of the “Dune” sequel was pushed to March 2024 amid the dual writers' and actors' strikes, and no major blockbusters moved in to take its spot.","The North American box office had one of its slowest weekends of the year, due in large part to Dune: Part Twos absence from the lineup.Moviegoers had many other options to choose from. The video gam… [+5601 chars]"
Killers Of The Flower Moon’: The Crime Saga Crosses $100M Global Box Office,"Martin Scorsese's 'Killers of the Flower Moon' has reached a stunning milestone, crossing the $100 million mark at the global box office. This captivating epic, featuring a star-studded cast, continues to captivate audiences with its narrative, setting the st…","Killers of the Flower Moon, a cinematic masterpiece helmed by renowned director Martin Scorsese and produced by Apple, Paramount, and Imperative Entertainment, has stormed the global box office, shat… [+2687 chars]"
Killers of the Flower Moon and who gets to tell an Osage story,"Actor Lily Gladstone and director Martin Scorsese on the set of Killers of the Flower Moon. | AppleTV+ For Indigenous people, there are few simple feelings about Scorsese’s take on the Reign of Terror. Growing up, Welana Queton never talked about the Reign of…","Actor Lily Gladstone and director Martin Scorsese on the set of Killers of the Flower Moon. | AppleTV+
For Indigenous people, there are few simple feelings about Scorseses take on the Reign of Terro… [+310 chars]"
Robert De Niro’s former top assistant says she found his back-scratching behavior ‘creepy’,"By LARRY NEUMEISTER (Associated Press) NEW YORK (AP) — Robert De Niro’s former top executive assistant said she found it “creepy” when the actor insisted she scratch his back, an example of behavior she found controlling and abusive before she quit her job in…","By LARRY NEUMEISTER (Associated Press)
NEW YORK (AP) — Robert De Niro’s former top executive assistant said she found it “creepy” when the actor insisted she scratch his back, an example of behavior… [+3195 chars]"
We Need to Stop Saying Movie Theaters Are Dead,"Early Friday morning, the third biggest cinema chain in North America, Cinemark Theatres, announced its quarterly earnings, which included a significant surprise. After years of movie theater owners and exhibitors reporting grim news, the fiscal quarter that …","Similarly, Taylor Swifts concert film was the undisputed cinematic event of October, with the films surprise announcement earlier this year causing Universal and Blumhouse to move their Exorcist rebo… [+3403 chars]"
Weekend Box Office: Five Nights at Freddy’s overcomes horrific 76% decline to reclaim first,"With Dune: Part 2 moving off this weekend, Five Nights at Freddy's was easily able to reclaim the top spot despite losing 76% of its audience
The post Weekend Box Office: Five Nights at Freddy’s overcomes horrific 76% decline to reclaim first appeared first o…","With Dune: Part 2 moving off this weekend, Five Nights at Freddy’s was easily able to reclaim the top spot despite losing 76% of its audience
In what is one of the lowest grossing weekends of the ye… [+4164 chars]"
Intermissions Violate Killers Of The Flower Moon Screenings Says Scorsese Editor,"If the runtime of ""Avengers: Endgame"" is any indication, fans are willing to sit through a movie of any length — at least if it's a comic IP. Martin Scorsese's depiction of the trials of the Osage Nation appears to be another story. It isn't hard to see why t…","If the runtime of ""Avengers: Endgame"" is any indication, fans are willing to sit through a movie of any length at least if it's a comic IP. Martin Scorsese's depiction of the trials of the Osage Nati… [+313 chars]"
‘He Had That Girth’: Martin Scorsese Defended Brendan Fraser’s Polarizing Performance In ‘Killers Of The Flower Moon’,"paramount


Brendan Fraser is the one performance in 'Killers of the Flower Moon' that people can't agree on.","Killers of the Flower Moon is filled with Oscar-worthy performances: Leonardo DiCaprio is great, Lily Gladstone is great (give her Best Actress now), Robert de Niro is great, Jesse Plemons wears a bi… [+1286 chars]"
Give Me a Break! The Case for an Intermission,"Recently, distributors behind the new Martin Scorsese epic “Killers of the Flower Moon” issued a warning to a small group of cinemas that had reportedly been inserting unauthorized intermissions inside the 3-hour, 26-minute film. Such breaks may have provided…","Recently, distributors behind the new Martin Scorsese epic Killers of the Flower Moon issued a warning to a small group of cinemas that had reportedly been inserting unauthorized intermissions inside… [+253 chars]"
Killers of the Flower Moon streaming release: Here’s what we know,"Martin Scorsese's long-anticipated film, ""Killers of the Flower Moon,"" based on David Grann's gripping nonfiction book, is set to debut on Apple TV+. The movie delves into the chilling murders of wealthy Osage individuals in 1920s Oklahoma. Here’s what we kno…","The highly anticipated film ""Killers of the Flower Moon,"" directed by the legendary Martin Scorsese and based on David Grann's compelling nonfiction book, could soon grace the screens of Apple TV+. T… [+3274 chars]"
"Belgium Business, Generative AI Prompt Literacy Course, New Jersey Warehouses, More: Friday ResearchBuzz, November 3, 2023","NEW RESOURCES Government of Belgium, and translated from Dutch: Launch of JustBan: search for rogue entrepreneurs via Just-on-web. “Want to check in just a few mouse clicks whether an entrepreneur is reliable? […]","NEW RESOURCES 
Government of Belgium, and translated from Dutch: Launch of JustBan: search for rogue entrepreneurs via Just-on-web. “Want to check in just a few mouse clicks whether an entrepreneur … [+6238 chars]"
Leonardo DiCaprio: Relationship History of the ‘Killers of the Flower Moon’ Star & Latest Relationship With Vittoria Ceretti,"Leonardo DiCaprio, the acclaimed Hollywood actor who recently starred in “Killer of the Flower Moon,” is reportedly dating Italian model Vittoria Ceretti as rumours are flying around stating that DiCaprio is “completely smitten” by the 25 year-old.","Leonardo DiCaprio, the Oscar-winning Hollywood actor who recently played the central character in the movie Killer of the Flower Moon is reportedly dating Italian model, Vittoria Ceretti.As per repor… [+5845 chars]"
Dull without 'Dune: Part Two'? US weekend box office results appear lacklustre without Timothee Chalamet-starrer,The much-awaited sequel was postponed to March 2024 due to the SAG-AFTRA strike.,"The North American box office had one of its slowest weekends of the year, due in large part to 'Dune: Part Two's' absence from the lineup. Moviegoers had many other options to choose from. The video… [+5715 chars]"
Robert De Niro's former top assistant says she found his back-scratching behavior 'creepy',Robert De Niro's former top executive assistant says she found it “creepy” when the actor insisted she scratch his back,"NEW YORK -- Robert De Niros former top executive assistant said she found it creepy when the actor insisted she scratch his back, an example of behavior she found controlling and abusive before she q… [+3118 chars]"
A muted box office weekend without ‘Dune: Part Two’,"Universal and Blumhouse's video game adaptation “Five Nights at Freddy's” topped the North American box office in its second weekend according to studio estimates Sunday, while “Taylor Swift: The Eras Tour” placed second","This weekend, the box office felt the lack of what was supposed to be on the calendar.
Moviegoers weren't lacking for options: The video game adaptation Five Nights at Freddys repeated in first plac… [+3325 chars]"
"Robert De Niro ‘boasted’ about much-younger girlfriend, called me a bitch several times: ex-assistant","De Niro and his former assistant, Graham Chase Robinson, are duking it out in a Manhattan court room.","Robert De Niro bragged to his staff about his much-younger girlfriend, his former assistant testified Friday as she accused the Oscar-winner of calling her a bitch multiple times.
“[De Niro] alluded… [+7618 chars]"
Robert De Niro faces more allegations after former assistant testifies about actor's 'creepy' behaviour,"The assistant is seeking $12 million in damages from De Niro for gender discrimination and retaliation, while De Niro has counterclaimed $6 million on breach of loyalty and fiduciary duty grounds.","New York - Robert De Niro's former top executive assistant said she found it ""creepy"" when the actor insisted she scratch his back, an example of behaviour she found controlling and abusive before sh… [+3146 chars]"
"Martin Scorsese’s children: Who are Cathy, Domenica and Francesca?","Martin Scorsese’s children: Who are Cathy, Domenica and Francesca? Film fans owe a lot to Martin Scorsese’s biggest inspirations: his three daughters.","Film fans owe a lot to Martin Scorseses biggest inspirations: his three daughters. 
During the press run for the newly released Killers of the Flower Moon, the movies director, legendary filmmaker M… [+4089 chars]"
‘Five Nights at Freddy’s’ still king of the box office for second week in a row,“Five Nights at Freddy’s” remained at the No. 1 box office spot in its second Friday in theaters. The supernatural horror raked in $5.45 million.,"Freddy is still the king of the box office.
Five Nights at Freddys remained at the No. 1 spot in its second week in theaters.
The supernatural horror flick raked in $5.45 million, according to IMDB… [+2555 chars]"
Why is Martin Scorsese making a fuss over Killers of the Flower Moon toilet breaks?,Donald Clarke: The director’s latest tussle with the great unwashed concerns unauthorised intermissions at screenings of Killers of the Flower Moon,How did Martin Scorsese become the font of all that is solid and traditional in cinematic discourse? The Hollywood actors strike had something to do with it. With the actors prohibited from carrying … [+4657 chars]
'Five Nights at Freddy's' dominates US Box Office amidst strike disruptions,"The North American box office experienced a slow weekend, mainly due to the absence of ""Dune: Part Two"" because of the ongoing SAG-AFTRA strike. ""Five Nights at Freddy's"" maintained its top position. ""Taylor Swift: The Eras Tour"" followed closely. ""Priscilla""…","Over the past weekend, the North American box office witnessed a significant slowdown, with its lethargic performance attributed mainly to the absence of ""Dune: Part Two"" from the movie release calen… [+4302 chars]"
